Course Name,Jobs no.,Course Topics
Advanced Software Engineering (CS511),17930,dedication team scenario thinking gamut server work peer accommodation project refer development management business immediately wealth skill support remove technology aggressive include ability hedge circuit application pega design network forensic software technical year marketplace final author woman client parallel extra nbsp welcome position datum specify mechanical requirement preferable structured threat audience svn experience distribution possibility specialist fluent fully middleware educate total sd academic image cognizant testing transition institution knowledge lieu retain sfdc dedicated car force test apex assess service salesforce graphic root backlog hyper appropriately use solution sharp persevere candidate dashboard environmental traditional publishing retention correct weblogic publication week moderate mean floor rational partnership gaduration genesis diagnose retail audible require discovery manufacture ms consultant trading retirement stem intend automotive citizen simulation sufficient accounting limited negotiation ownership desirable leading reusable mock web instance rotation op video landscape subversion push uber backbone remain strong relational database environment job easy tableau urgent cluster safe dollar pharmaceutical host international security generous vision past expose workplace individual light professionalism sourcing healthy occasional course champion perl nationwide develop helpdesk manual spectrum mitigation heavy greeting ticket confluence escalate technically atleast accessibility internally publisher sap user assist clinical visualforce transformation close property drupal nd pride defect bug roll prevention foreign proactive bank remediation making servicenow provision iso virtualized extremely button precision satisfy kernel campaign initiate reason private begin consult accord bi view coast hadoop soon working intelligent confidential firmware doe teamsoft care primarily holder process consensus magazine ethernet aid road explain reliability seasoned reimbursement educational efficiency embrace annually turn contingent workday ustechsolution labor pair domestic demonstrable tool temporary facilitate lift loan template engine unique negotiate graduate strongly legally microservice epic imaging hibernate technician excel integral remedy behavior yr combination story junior amazon microstrategy vb agree privately good scientific really payment grid apple customer versed organize sector english challenging pc history queue teammate recruit exciting messaging association branch sense recruiter half tech text skillsexcellent elastic customization vertical choose cognos division driver statement triage install ground citrix frontend loss build supervision identification clustering advancement progressive deep talk audio human middle articulate ax hp handling workshop guidewire gateway governance replication qlikview stability lab lan proposal endpoint definition wan plm regular product ve micro supplier technologist dev sitecore typical book grade choice particular minimize measurement mortgage clarity patient main invoice promotion payable webservice adherence vary conversion employerall hybrid latency hyperion liaise fi fulfillment netsuite microsoft measure prime dataset physics submission contracting diagnostic backup happy recovery hear citizenship fusion stream hope construction container bright helpful migrate problem admin possible cell confident escalation sheet encompass occasionally nation clarify company teradata unlimited fundamental flexibility advice hat detection pci
Intro to Software Project Management,10459,management strong relational database environment job client skill technical server team easy business project work tableau support urgent development service cluster solution application network knowledge safe dollar pharmaceutical host international security generous vision past expose include workplace individual light professionalism sourcing require healthy occasional software design mock web test instance rotation op video landscape subversion push uber backbone remain course champion perl nationwide develop helpdesk manual spectrum experience mitigation heavy greeting ticket technology confluence escalate use technically atleast accessibility internally sufficient accounting limited datum negotiation ownership desirable leading requirement year reusable publisher sap user assist clinical visualforce transformation close property drupal nd pride defect bug roll dedication scenario thinking gamut peer accommodation refer immediately wealth remove prevention foreign proactive bank remediation making servicenow provision iso virtualized extremely button precision satisfy kernel campaign initiate reason private begin consult accord bi view coast hadoop soon working intelligent confidential firmware doe teamsoft care primarily holder process consensus candidate magazine ethernet aid road explain reliability seasoned reimbursement educational efficiency embrace annually turn contingent workday ustechsolution labor persevere dashboard environmental traditional publishing retention correct weblogic pair domestic demonstrable tool temporary facilitate lift loan template engine unique negotiate graduate strongly legally microservice epic imaging hibernate technician excel integral remedy behavior dedicated car force apex assess salesforce graphic yr combination story junior amazon microstrategy vb agree publication week ability moderate mean floor rational partnership privately good scientific really payment aggressive hedge circuit pega forensic marketplace grid apple customer versed organize sector english challenging pc history queue teammate recruit exciting messaging association branch sense recruiter half tech text skillsexcellent elastic customization vertical choose cognos final author woman parallel extra nbsp welcome division driver statement triage install ground citrix frontend loss build supervision identification clustering advancement progressive consultant trading retirement stem intend automotive citizen simulation deep talk audio human middle articulate ax hp invoice promotion payable webservice adherence vary conversion employerall hybrid latency testing transition institution lieu retain sfdc lan proposal endpoint definition wan typical book grade choice gaduration genesis diagnose retail audible discovery manufacture ms stream hope construction container bright helpful migrate plm regular product ve micro supplier technologist dev sitecore problem admin possible cell confident root backlog hyper appropriately sharp handling workshop guidewire gateway governance replication qlikview stability lab position specify mechanical preferable structured threat audience svn hyperion liaise fi fulfillment netsuite microsoft measure prime dataset physics submission contracting diagnostic backup happy recovery hear citizenship fusion particular minimize measurement mortgage clarity patient main unlimited fundamental flexibility advice hat detection pci escalation sheet encompass occasionally nation clarify company teradata distribution possibility specialist fluent fully middleware educate total sd academic image cognizant
Graph Algorithms (CS548),8282,dedication team scenario thinking gamut server work peer accommodation project refer development management business immediately wealth skill support remove technology aggressive include ability hedge circuit application pega design network forensic software technical year marketplace final author woman client parallel extra nbsp welcome position datum specify mechanical requirement preferable structured threat audience svn experience course champion perl nationwide develop helpdesk knowledge manual spectrum mitigation heavy greeting ticket require security confluence escalate use technically atleast accessibility internally sufficient accounting limited negotiation ownership desirable leading reusable publisher sap user assist clinical visualforce transformation close property drupal care primarily service holder process consensus candidate magazine ethernet aid road explain reliability seasoned reimbursement educational efficiency embrace annually turn contingent workday ustechsolution labor expose workplace individual light professionalism sourcing healthy occasional nd solution pride test defect bug roll dedicated car force apex assess salesforce graphic technician excel integral remedy behavior grid apple customer versed organize sector english challenging pc history queue teammate teamsoft recruit exciting messaging association branch sense recruiter half template tool engine unique negotiate graduate strongly legally microservice epic imaging hibernate hadoop soon working intelligent confidential firmware doe handling workshop guidewire gateway governance replication qlikview stability lab typical environment book grade choice pair domestic demonstrable temporary facilitate lift loan tech text skillsexcellent elastic customization vertical choose cognos deep talk audio human middle articulate ax hp dataset physics submission contracting diagnostic backup happy recovery hear citizenship fusion publication week moderate mean floor rational partnership gaduration genesis diagnose retail audible discovery manufacture ms particular minimize measurement mortgage clarity patient main frontend loss build supervision identification clustering advancement progressive stream hope construction container bright helpful migrate distribution possibility specialist fluent fully middleware educate total sd academic image cognizant invoice promotion payable webservice adherence vary conversion employerall hybrid latency private begin consult web accord bi view coast strong relational database job easy tableau urgent testing transition institution lieu retain sfdc problem admin possible cell confident root backlog hyper appropriately sharp hyperion liaise fi fulfillment netsuite microsoft measure prime yr combination story junior amazon microstrategy vb agree persevere dashboard environmental traditional publishing retention correct weblogic privately good scientific really payment escalation sheet encompass occasionally nation clarify company teradata plm regular product ve micro supplier technologist dev sitecore virtualized extremely button precision satisfy kernel campaign initiate reason prevention foreign proactive bank remediation making servicenow provision iso division driver statement triage install ground citrix lan proposal endpoint definition wan unlimited fundamental flexibility advice hat detection pci cluster safe dollar pharmaceutical host international generous vision past mock instance rotation op video landscape subversion push uber backbone remain consultant trading retirement stem intend automotive citizen simulation
E‑Commerce (CS410),7381,dedication team scenario thinking gamut server work peer accommodation project refer development management business immediately wealth skill support remove technology aggressive include ability hedge circuit application pega design network forensic software technical year marketplace final author woman client parallel extra nbsp welcome position datum specify mechanical requirement preferable structured threat audience svn experience distribution possibility specialist fluent fully middleware educate total sd academic image cognizant persevere candidate dashboard environmental traditional publishing retention correct weblogic publication week moderate mean floor rational partnership service gaduration genesis diagnose retail audible require discovery manufacture ms consultant trading retirement stem intend automotive citizen simulation sufficient accounting limited negotiation ownership desirable leading reusable mock web test instance rotation op video landscape subversion push uber backbone remain strong relational database environment job easy tableau urgent cluster solution knowledge safe dollar pharmaceutical host international security generous vision past expose workplace individual light professionalism sourcing healthy occasional develop nd pride defect bug roll prevention foreign proactive bank remediation making servicenow provision iso virtualized extremely button precision satisfy kernel campaign initiate reason private begin consult accord bi view coast course champion perl nationwide helpdesk manual spectrum mitigation heavy greeting hadoop soon working intelligent confidential firmware doe teamsoft yr combination story junior amazon microstrategy vb agree process privately good scientific really payment reimbursement educational efficiency embrace annually turn contingent workday ustechsolution labor tech text skillsexcellent elastic customization vertical choose cognos division driver statement triage install ground citrix frontend loss build supervision identification clustering advancement progressive deep talk audio human middle articulate ax hp typical book grade choice pair domestic demonstrable tool temporary facilitate lift loan particular minimize customer measurement mortgage clarity patient main hyperion liaise fi fulfillment netsuite microsoft measure prime root backlog hyper appropriately use sharp lan proposal endpoint definition wan stream hope construction container bright helpful migrate dataset physics submission contracting diagnostic backup happy recovery hear citizenship fusion handling workshop guidewire gateway governance replication qlikview stability lab problem admin possible cell confident invoice promotion payable webservice adherence vary conversion employerall hybrid latency escalation sheet encompass occasionally nation clarify company teradata plm regular product ve micro supplier technologist dev sitecore history queue teammate recruit exciting messaging association branch sense recruiter half dedicated car force apex assess salesforce graphic template engine unique negotiate graduate strongly legally microservice epic imaging hibernate unlimited fundamental flexibility advice hat detection pci ticket confluence escalate technically atleast accessibility internally care primarily holder consensus magazine ethernet aid road explain reliability seasoned publisher sap user assist clinical visualforce transformation close property drupal technician excel integral remedy behavior grid apple versed organize sector english challenging pc testing transition institution lieu retain sfdc
Advanced Operating Systems (CS505),6449,dedication team scenario thinking gamut server work peer accommodation project refer development management business immediately wealth skill support remove technology aggressive include ability hedge circuit application pega design network forensic software technical year marketplace final author woman client parallel extra nbsp welcome position datum specify mechanical requirement preferable structured threat audience svn experience distribution possibility specialist fluent fully middleware educate total sd academic image cognizant testing transition institution knowledge lieu retain sfdc dedicated car force test apex assess service salesforce graphic root backlog hyper appropriately use solution sharp consultant trading retirement stem intend automotive citizen simulation sufficient accounting limited negotiation ownership desirable leading reusable mock web instance rotation op video landscape subversion push uber backbone remain strong relational database environment job easy tableau urgent cluster safe dollar pharmaceutical host international security generous vision past expose workplace individual light professionalism sourcing require healthy occasional course champion perl nationwide develop helpdesk manual spectrum mitigation heavy greeting ticket confluence escalate technically atleast accessibility internally publisher sap user assist clinical visualforce transformation close property drupal nd pride defect bug roll prevention foreign proactive bank remediation making servicenow provision iso virtualized extremely button precision satisfy kernel campaign initiate reason private begin consult accord bi view coast hadoop soon working intelligent confidential firmware doe teamsoft care primarily holder process consensus candidate magazine ethernet aid road explain reliability seasoned reimbursement educational efficiency embrace annually turn contingent workday ustechsolution labor persevere dashboard environmental traditional publishing retention correct weblogic pair domestic demonstrable tool temporary facilitate lift loan template engine unique negotiate graduate strongly legally microservice epic imaging hibernate technician excel integral remedy behavior yr combination story junior amazon microstrategy vb agree publication week moderate mean floor rational partnership privately good scientific really payment grid apple customer versed organize sector english challenging pc history queue teammate recruit exciting messaging association branch sense recruiter half tech text skillsexcellent elastic customization vertical choose cognos division driver statement triage install ground citrix frontend loss build supervision identification clustering advancement progressive deep talk audio human middle articulate ax hp handling workshop guidewire gateway governance replication qlikview stability lab gaduration genesis diagnose retail audible discovery manufacture ms lan proposal endpoint definition wan plm regular product ve micro supplier technologist dev sitecore typical book grade choice particular minimize measurement mortgage clarity patient main stream hope construction container bright helpful migrate problem admin possible cell confident dataset physics submission contracting diagnostic backup happy recovery hear citizenship fusion hyperion liaise fi fulfillment netsuite microsoft measure prime invoice promotion payable webservice adherence vary conversion employerall hybrid latency escalation sheet encompass occasionally nation clarify company teradata unlimited fundamental flexibility advice hat detection pci
Requirement Engineering (CS525),4038,distribution possibility specialist client fluent team skill fully middleware application educate total development work sd academic datum image cognizant persevere candidate management dashboard business environmental traditional technology design publishing retention project correct weblogic publication week support technical ability moderate mean floor rational partnership service gaduration genesis diagnose retail audible require year discovery manufacture ms hadoop soon working intelligent confidential firmware doe teamsoft handling customer workshop solution guidewire gateway governance replication qlikview stability lab history queue teammate software recruit exciting messaging association branch sense experience recruiter half reimbursement educational efficiency network embrace annually turn contingent workday ustechsolution labor division driver statement triage install ground citrix deep talk audio security human middle articulate ax hp prevention foreign proactive bank remediation making servicenow provision iso template tool engine test unique negotiate graduate strongly legally microservice epic imaging hibernate use technician excel integral include remedy behavior frontend loss build supervision identification clustering advancement progressive web hyperion liaise fi fulfillment netsuite microsoft measure prime yr combination story junior amazon microstrategy vb agree tech text skillsexcellent elastic customization vertical choose cognos dataset physics submission contracting diagnostic backup happy recovery hear citizenship fusion final author woman parallel extra nbsp welcome stream hope requirement construction container bright helpful migrate mock instance rotation op video landscape subversion push uber backbone remain develop nd pride defect bug roll escalation sheet encompass occasionally nation clarify company teradata invoice promotion payable webservice adherence vary conversion employerall hybrid latency lan proposal endpoint strong definition wan dedicated car force apex assess salesforce graphic dedication scenario thinking gamut server peer accommodation refer immediately wealth remove unlimited fundamental flexibility advice hat detection pci pair domestic demonstrable temporary facilitate lift knowledge loan virtualized extremely button precision satisfy kernel campaign initiate reason root backlog hyper appropriately sharp cluster safe dollar pharmaceutical host international generous vision past sufficient accounting limited negotiation ownership desirable leading reusable typical environment book grade choice grid apple versed organize sector english challenging pc position specify mechanical preferable structured threat audience svn expose workplace individual light professionalism sourcing healthy occasional plm regular product ve micro supplier technologist dev sitecore aggressive hedge circuit pega forensic marketplace ticket confluence escalate technically atleast accessibility internally publisher sap user assist clinical visualforce transformation close property drupal relational database job easy tableau urgent private begin consult accord bi view coast care primarily holder process consensus magazine ethernet aid road explain reliability seasoned particular minimize measurement mortgage clarity patient main testing transition institution lieu retain sfdc privately good scientific really payment problem admin possible cell confident course champion perl nationwide helpdesk manual spectrum mitigation heavy greeting consultant trading retirement stem intend automotive citizen simulation
Global Business ‑ Trends & Issues (CS437),2398,distribution possibility specialist client fluent team skill fully middleware application educate total development work sd academic datum image cognizant persevere candidate management dashboard business environmental traditional technology design publishing retention project correct weblogic publication week support technical ability moderate mean floor rational partnership service gaduration genesis diagnose retail audible require year discovery manufacture ms course champion perl nationwide develop helpdesk knowledge manual spectrum software experience mitigation heavy greeting ticket security include confluence escalate use technically atleast accessibility internally sufficient accounting limited negotiation ownership desirable leading requirement reusable publisher sap user assist clinical visualforce transformation close property drupal dedicated car force test apex assess salesforce graphic technician excel integral remedy behavior hadoop soon working intelligent confidential firmware doe teamsoft handling customer workshop solution guidewire gateway governance replication qlikview stability lab history queue teammate recruit exciting messaging association branch sense recruiter half reimbursement educational efficiency network embrace annually turn contingent workday ustechsolution labor frontend loss build supervision identification clustering advancement progressive web hyperion liaise fi fulfillment netsuite microsoft measure prime yr combination story junior amazon microstrategy vb agree tech text skillsexcellent elastic customization vertical choose cognos template tool engine unique negotiate graduate strongly legally microservice epic imaging hibernate deep talk audio human middle articulate ax hp strong relational database environment job server easy tableau urgent virtualized extremely button precision satisfy kernel campaign initiate reason invoice promotion payable webservice adherence vary conversion employerall hybrid latency dataset physics submission contracting diagnostic backup happy recovery hear citizenship fusion mock instance rotation op video landscape subversion push uber backbone remain escalation sheet encompass occasionally nation clarify company teradata position specify mechanical preferable structured threat audience svn lan proposal endpoint definition wan stream hope construction container bright helpful migrate nd pride defect bug roll private begin consult accord bi view coast dedication scenario thinking gamut peer accommodation refer immediately wealth remove final author woman parallel extra nbsp welcome typical book grade choice grid apple versed organize sector english challenging pc plm regular product ve micro supplier technologist dev sitecore root backlog hyper appropriately sharp pair domestic demonstrable temporary facilitate lift loan problem admin possible cell confident unlimited fundamental flexibility advice hat detection pci care primarily holder process consensus magazine ethernet aid road explain reliability seasoned privately good scientific really payment particular minimize measurement mortgage clarity patient main testing transition institution lieu retain sfdc expose workplace individual light professionalism sourcing healthy occasional cluster safe dollar pharmaceutical host international generous vision past prevention foreign proactive bank remediation making servicenow provision iso division driver statement triage install ground citrix aggressive hedge circuit pega forensic marketplace
Advanced Performance Evaluation (CS576),1381,distribution possibility specialist client fluent team skill fully middleware application educate total development work sd academic datum image cognizant persevere candidate management dashboard business environmental traditional technology design publishing retention project correct weblogic publication week support technical ability moderate mean floor rational partnership service gaduration genesis diagnose retail audible require year discovery manufacture ms invoice promotion payable webservice adherence vary conversion employerall hybrid latency solution reimbursement educational efficiency network embrace annually turn contingent workday ustechsolution experience labor history queue teammate software teamsoft recruit exciting messaging association branch sense recruiter half testing transition institution knowledge lieu retain sfdc lan proposal endpoint strong definition wan frontend loss build supervision identification clustering advancement progressive dataset physics submission contracting diagnostic backup happy recovery hear citizenship fusion final author woman parallel extra nbsp welcome template tool engine test unique negotiate graduate strongly legally microservice epic imaging hibernate pair domestic demonstrable temporary facilitate lift loan private begin security consult web accord bi view coast relational database environment job server easy tableau urgent publisher sap develop user assist clinical visualforce transformation close property drupal yr combination story junior amazon microstrategy vb agree hyperion liaise fi fulfillment netsuite microsoft measure prime mock instance rotation op video landscape subversion push uber backbone remain escalation sheet encompass occasionally nation clarify company teradata handling customer workshop guidewire gateway governance replication qlikview stability lab tech text skillsexcellent elastic customization vertical choose cognos position specify mechanical requirement preferable structured threat audience svn stream hope construction container bright helpful migrate dedication scenario thinking gamut peer accommodation refer immediately wealth remove hadoop soon working intelligent confidential firmware doe dedicated car force apex assess salesforce graphic prevention foreign proactive bank remediation making servicenow provision iso unlimited fundamental flexibility advice hat detection pci typical book grade choice problem admin possible include cell confident particular minimize measurement mortgage clarity patient main grid apple versed organize sector english challenging pc virtualized extremely button precision satisfy kernel campaign initiate reason cluster safe dollar pharmaceutical host international generous vision past care primarily holder process consensus magazine ethernet aid road explain reliability seasoned sufficient accounting limited negotiation ownership desirable leading reusable plm regular product ve micro supplier technologist dev sitecore privately good scientific really payment nd pride defect bug roll division driver statement triage install ground citrix course champion perl nationwide helpdesk manual spectrum mitigation heavy greeting root backlog hyper appropriately use sharp expose workplace individual light professionalism sourcing healthy occasional
Business Analytics,952,hadoop soon technical datum working intelligent support application team confidential firmware development doe teamsoft service project business design work handling ability customer workshop skill solution guidewire gateway governance year replication qlikview stability lab history queue teammate software recruit exciting technology messaging association branch sense experience recruiter half reimbursement educational efficiency network client embrace annually turn contingent workday ustechsolution labor consultant trading management retirement stem requirement intend automotive citizen simulation stream hope security construction container bright helpful migrate knowledge private begin consult web accord bi view coast dataset physics submission contracting diagnostic backup happy recovery hear citizenship fusion cluster safe dollar pharmaceutical host international generous vision past problem admin possible include cell confident position specify mechanical preferable structured threat audience svn hyperion liaise fi fulfillment netsuite microsoft measure prime template tool engine test unique negotiate graduate strongly legally microservice epic imaging hibernate strong relational database environment job server easy tableau urgent course champion perl nationwide develop helpdesk manual spectrum mitigation heavy greeting escalation sheet encompass occasionally nation clarify company teradata nd pride defect bug roll publication week moderate mean floor rational partnership yr combination story junior amazon microstrategy vb agree mock instance rotation op video landscape subversion push uber backbone remain grid apple versed organize sector english challenging pc virtualized extremely button precision satisfy kernel campaign initiate reason prevention foreign proactive bank remediation making servicenow provision iso require deep talk audio human middle articulate ax hp aggressive hedge circuit pega forensic marketplace final author woman parallel extra nbsp welcome publisher sap user assist clinical visualforce transformation close property drupal persevere candidate dashboard environmental traditional publishing retention correct weblogic invoice promotion payable webservice adherence vary conversion employerall hybrid latency pair domestic demonstrable temporary facilitate lift loan division driver statement triage install ground citrix particular minimize measurement mortgage clarity patient main unlimited fundamental flexibility advice hat detection pci lan proposal endpoint definition wan gaduration genesis diagnose retail audible discovery manufacture ms dedication scenario thinking gamut peer accommodation refer immediately wealth remove frontend loss build supervision identification clustering advancement progressive expose workplace individual light professionalism sourcing healthy occasional plm regular product ve micro supplier technologist dev sitecore tech text skillsexcellent elastic customization vertical choose cognos distribution possibility specialist fluent fully middleware educate total sd academic image cognizant ticket confluence escalate use technically atleast accessibility internally dedicated car force apex assess salesforce graphic typical book grade choice root backlog hyper appropriately sharp care primarily holder process consensus magazine ethernet aid road explain reliability seasoned privately good scientific really payment sufficient accounting limited negotiation ownership desirable leading reusable technician excel integral remedy behavior
Adhoc& Sensor Networks (CS617),895,dedication team scenario thinking gamut server work peer accommodation project refer development management business immediately wealth skill support remove technology aggressive include ability hedge circuit application pega design network forensic software technical year marketplace final author woman client parallel extra nbsp welcome position datum specify mechanical requirement preferable structured threat audience svn experience distribution possibility specialist fluent fully middleware educate total sd academic image cognizant testing transition institution knowledge lieu retain sfdc dedicated car force test apex assess service salesforce graphic root backlog hyper appropriately use solution sharp consultant trading retirement stem intend automotive citizen simulation sufficient accounting limited negotiation ownership desirable leading reusable mock web instance rotation op video landscape subversion push uber backbone remain strong relational database environment job easy tableau urgent cluster safe dollar pharmaceutical host international security generous vision past expose workplace individual light professionalism sourcing require healthy occasional course champion perl nationwide develop helpdesk manual spectrum mitigation heavy greeting ticket confluence escalate technically atleast accessibility internally publisher sap user assist clinical visualforce transformation close property drupal nd pride defect bug roll prevention foreign proactive bank remediation making servicenow provision iso virtualized extremely button precision satisfy kernel campaign initiate reason private begin consult accord bi view coast hadoop soon working intelligent confidential firmware doe teamsoft care primarily holder process consensus candidate magazine ethernet aid road explain reliability seasoned reimbursement educational efficiency embrace annually turn contingent workday ustechsolution labor persevere dashboard environmental traditional publishing retention correct weblogic pair domestic demonstrable tool temporary facilitate lift loan template engine unique negotiate graduate strongly legally microservice epic imaging hibernate technician excel integral remedy behavior yr combination story junior amazon microstrategy vb agree grid apple customer versed organize sector english challenging pc history queue teammate recruit exciting messaging association branch sense recruiter half tech text skillsexcellent elastic customization vertical choose cognos division driver statement triage install ground citrix frontend loss build supervision identification clustering advancement progressive deep talk audio human middle articulate ax hp handling workshop guidewire gateway governance replication qlikview stability lab gaduration genesis diagnose retail audible discovery manufacture ms lan proposal endpoint definition wan plm regular product ve micro supplier technologist dev sitecore typical book grade choice particular minimize measurement mortgage clarity patient main invoice promotion payable webservice adherence vary conversion employerall hybrid latency dataset physics submission contracting diagnostic backup happy recovery hear citizenship fusion publication week moderate mean floor rational partnership stream hope construction container bright helpful migrate privately good scientific really payment problem admin possible cell confident escalation sheet encompass occasionally nation clarify company teradata hyperion liaise fi fulfillment netsuite microsoft measure prime unlimited fundamental flexibility advice hat detection pci
Advanced Programming (CS433),858,distribution possibility specialist client fluent team skill fully middleware application educate total development work sd academic datum image cognizant persevere candidate management dashboard business environmental traditional technology design publishing retention project correct weblogic publication week support technical ability moderate mean floor rational partnership service gaduration genesis diagnose retail audible require year discovery manufacture ms invoice promotion payable webservice adherence vary conversion employerall hybrid latency solution reimbursement educational efficiency network embrace annually turn contingent workday ustechsolution experience labor history queue teammate software teamsoft recruit exciting messaging association branch sense recruiter half testing transition institution knowledge lieu retain sfdc lan proposal endpoint strong definition wan frontend loss build supervision identification clustering advancement progressive pair domestic demonstrable tool temporary facilitate lift loan private begin security consult web accord bi view coast relational database environment job server easy tableau urgent virtualized extremely button precision satisfy kernel campaign initiate reason dataset physics submission contracting diagnostic backup happy recovery hear citizenship fusion publisher sap develop user assist clinical visualforce transformation close property drupal position specify mechanical requirement preferable structured threat audience svn yr combination story junior amazon microstrategy test vb agree stream hope construction container bright helpful migrate deep talk audio human middle articulate ax hp prevention foreign proactive bank remediation making servicenow provision iso dedicated car force apex assess salesforce graphic consultant trading retirement stem intend automotive citizen simulation handling customer workshop guidewire gateway governance replication qlikview stability lab sufficient accounting limited negotiation ownership desirable leading reusable course champion perl nationwide helpdesk manual spectrum mitigation heavy greeting hyperion liaise fi fulfillment netsuite microsoft measure prime typical book grade choice escalation sheet encompass occasionally nation clarify company teradata tech text skillsexcellent elastic customization vertical choose cognos cluster safe dollar pharmaceutical host international generous vision past mock instance rotation op video landscape subversion push uber backbone remain template engine unique negotiate graduate strongly legally microservice epic imaging hibernate care primarily holder process consensus magazine ethernet aid road explain reliability seasoned nd pride defect bug roll plm regular product ve micro supplier technologist dev sitecore expose include workplace individual light professionalism sourcing healthy occasional unlimited fundamental flexibility advice hat detection pci hadoop soon working intelligent confidential firmware doe division driver statement triage install ground citrix final author woman parallel extra nbsp welcome particular minimize measurement mortgage clarity patient main ticket confluence escalate use technically atleast accessibility internally dedication scenario thinking gamut peer accommodation refer immediately wealth remove grid apple versed organize sector english challenging pc problem admin possible cell confident root backlog hyper appropriately sharp privately good scientific really payment technician excel integral remedy behavior aggressive hedge circuit pega forensic marketplace
Design of DBMS (CS536),599,course champion perl nationwide develop team helpdesk knowledge business manual spectrum project software application skill experience mitigation heavy greeting test technical use technician excel integral datum design include remedy support work behavior final ability author woman client parallel extra development nbsp welcome year template tool engine unique negotiate graduate strongly legally microservice epic imaging hibernate invoice promotion payable webservice adherence service vary conversion employerall hybrid latency solution technology nd pride defect bug roll problem admin possible cell confident aggressive management hedge circuit pega network forensic marketplace sufficient accounting limited negotiation ownership desirable leading requirement reusable expose workplace individual light professionalism sourcing require healthy occasional prevention foreign proactive bank remediation making servicenow provision iso security handling customer workshop guidewire gateway governance replication qlikview stability lab escalation sheet encompass occasionally nation clarify company teradata private begin consult web accord bi view coast dedication scenario thinking gamut server peer accommodation refer immediately wealth remove mock instance rotation op video landscape subversion push uber backbone remain hyperion liaise fi fulfillment netsuite microsoft measure prime position specify mechanical preferable structured threat audience svn history queue teammate teamsoft recruit exciting messaging association branch sense recruiter half reimbursement educational efficiency embrace annually turn contingent workday ustechsolution labor particular minimize measurement mortgage clarity patient main persevere candidate dashboard environmental traditional publishing retention correct weblogic pair domestic demonstrable temporary facilitate lift loan virtualized extremely button precision satisfy kernel campaign initiate reason unlimited fundamental flexibility advice hat detection pci gaduration genesis diagnose retail audible discovery manufacture ms typical environment book grade choice lan proposal endpoint strong definition wan yr combination story junior amazon microstrategy vb agree process privately good scientific really payment publisher sap user assist clinical visualforce transformation close property drupal dataset physics submission contracting diagnostic backup happy recovery hear citizenship fusion deep talk audio human middle articulate ax hp tech text skillsexcellent elastic customization vertical choose cognos dedicated car force apex assess salesforce graphic distribution possibility specialist fluent fully middleware educate total sd academic image cognizant consultant trading retirement stem intend automotive citizen simulation hadoop soon working intelligent confidential firmware doe plm regular product ve micro supplier technologist dev sitecore relational database job easy tableau urgent stream hope construction container bright helpful migrate cluster safe dollar pharmaceutical host international generous vision past publication week moderate mean floor rational partnership grid apple versed organize sector english challenging pc frontend loss build supervision identification clustering advancement progressive ticket confluence escalate technically atleast accessibility internally division driver statement triage install ground citrix
Data Warehousing & Data Mining (CS439),582,management strong relational database environment job client skill technical server team easy business project work tableau support urgent development service cluster solution application network knowledge safe dollar pharmaceutical host international security generous vision past expose include workplace individual light professionalism sourcing require healthy occasional software design mock web test instance rotation op video landscape subversion push uber backbone remain private begin consult year accord bi view coast course champion perl nationwide develop helpdesk manual spectrum experience mitigation heavy greeting hadoop soon datum working intelligent confidential firmware doe teamsoft particular minimize customer measurement mortgage clarity patient main pair domestic demonstrable tool temporary facilitate lift loan handling ability workshop guidewire gateway governance replication qlikview stability lab problem admin possible technology cell confident position specify mechanical requirement preferable structured threat audience svn publisher sap user assist clinical visualforce transformation close property drupal yr combination story junior amazon microstrategy vb agree gaduration genesis diagnose retail audible discovery manufacture ms ticket confluence escalate use technically atleast accessibility internally lan proposal endpoint definition wan testing transition institution lieu retain sfdc consultant trading retirement stem intend automotive citizen simulation aggressive hedge circuit pega forensic marketplace virtualized extremely button precision satisfy kernel campaign initiate reason hyperion liaise fi fulfillment netsuite microsoft measure prime reimbursement educational efficiency embrace annually turn contingent workday ustechsolution labor history queue teammate recruit exciting messaging association branch sense recruiter half tech text skillsexcellent elastic customization vertical choose cognos grid apple versed organize sector english challenging pc dedication scenario thinking gamut peer accommodation refer immediately wealth remove sufficient accounting limited negotiation ownership desirable leading reusable final author woman parallel extra nbsp welcome distribution possibility specialist fluent fully middleware educate total sd academic image cognizant typical book grade choice stream hope construction container bright helpful migrate template engine unique negotiate graduate strongly legally microservice epic imaging hibernate invoice promotion payable webservice adherence vary conversion employerall hybrid latency dedicated car force apex assess salesforce graphic persevere candidate dashboard environmental traditional publishing retention correct weblogic publication week moderate mean floor rational partnership process privately good scientific really payment dataset physics submission contracting diagnostic backup happy recovery hear citizenship fusion escalation sheet encompass occasionally nation clarify company teradata deep talk audio human middle articulate ax hp nd pride defect bug roll unlimited fundamental flexibility advice hat detection pci frontend loss build supervision identification clustering advancement progressive prevention foreign proactive bank remediation making servicenow provision iso division driver statement triage install ground citrix plm regular product ve micro supplier technologist dev sitecore root backlog hyper appropriately sharp technician excel integral remedy behavior care primarily holder consensus magazine ethernet aid road explain reliability seasoned
Human Computer Interaction (CS422),423,management strong relational database environment job client skill technical server team easy business project work tableau support urgent development service cluster solution application network knowledge safe dollar pharmaceutical host international security generous vision past expose include workplace individual light professionalism sourcing require healthy occasional software design mock web test instance rotation op video landscape subversion push uber backbone remain particular minimize customer measurement year mortgage clarity patient main pair domestic demonstrable tool temporary facilitate lift loan datum dataset physics submission contracting diagnostic backup happy recovery hear technology citizenship fusion experience ticket confluence escalate use technically atleast accessibility internally care primarily holder process consensus candidate magazine ethernet aid road explain reliability seasoned testing transition institution lieu retain sfdc course champion perl nationwide develop helpdesk manual spectrum mitigation heavy greeting private begin consult accord bi view coast aggressive ability hedge circuit pega forensic marketplace virtualized extremely button precision satisfy kernel campaign initiate reason frontend loss build supervision identification clustering advancement progressive prevention foreign proactive bank remediation making servicenow provision iso history queue teammate teamsoft recruit exciting messaging association branch sense recruiter half stream hope requirement construction container bright helpful migrate dedication scenario thinking gamut peer accommodation refer immediately wealth remove hyperion liaise fi fulfillment netsuite microsoft measure prime publication week moderate mean floor rational partnership handling workshop guidewire gateway governance replication qlikview stability lab persevere dashboard environmental traditional publishing retention correct weblogic deep talk audio human middle articulate ax hp privately good scientific really payment hadoop soon working intelligent confidential firmware doe reimbursement educational efficiency embrace annually turn contingent workday ustechsolution labor position specify mechanical preferable structured threat audience svn nd pride defect bug roll lan proposal endpoint definition wan tech text skillsexcellent elastic customization vertical choose cognos dedicated car force apex assess salesforce graphic root backlog hyper appropriately sharp sufficient accounting limited negotiation ownership desirable leading reusable publisher sap user assist clinical visualforce transformation close property drupal invoice promotion payable webservice adherence vary conversion employerall hybrid latency unlimited fundamental flexibility advice hat detection pci plm regular product ve micro supplier technologist dev sitecore distribution possibility specialist fluent fully middleware educate total sd academic image cognizant yr combination story junior amazon microstrategy vb agree division driver statement triage install ground citrix template engine unique negotiate graduate strongly legally microservice epic imaging hibernate problem admin possible cell confident final author woman parallel extra nbsp welcome gaduration genesis diagnose retail audible discovery manufacture ms grid apple versed organize sector english challenging pc technician excel integral remedy behavior typical book grade choice escalation sheet encompass occasionally nation clarify company teradata
Advanced Machine Learning (CS622),417,course champion perl nationwide develop team helpdesk knowledge business manual spectrum project software application skill experience mitigation heavy greeting ticket require security client technology include confluence escalate use technically atleast accessibility development management internally work sufficient accounting limited datum design negotiation ownership desirable leading requirement year reusable publisher sap user assist clinical visualforce support transformation close property drupal dedicated car force test apex assess service salesforce graphic technical technician excel integral remedy behavior expose workplace individual light professionalism sourcing healthy occasional testing transition institution lieu retain sfdc strong relational database environment job server easy tableau urgent yr combination story junior amazon microstrategy vb agree gaduration genesis diagnose retail audible discovery manufacture ms publication week ability moderate mean floor rational partnership dataset physics submission contracting diagnostic solution backup happy recovery hear citizenship fusion invoice promotion payable webservice adherence vary conversion employerall hybrid latency unlimited fundamental flexibility advice hat detection pci web frontend loss build supervision identification clustering advancement progressive stream hope construction container bright helpful migrate aggressive hedge circuit pega network forensic marketplace root backlog hyper appropriately sharp nd pride defect bug roll care primarily holder process consensus candidate magazine ethernet aid road explain reliability seasoned escalation sheet encompass occasionally nation clarify company teradata final author woman parallel extra nbsp welcome cluster safe dollar pharmaceutical host international generous vision past privately good scientific really payment plm regular product ve micro supplier technologist dev customer sitecore prevention foreign proactive bank remediation making servicenow provision iso tech text skillsexcellent elastic customization vertical choose cognos mock instance rotation op video landscape subversion push uber backbone remain consultant trading retirement stem intend automotive citizen simulation reimbursement educational efficiency embrace annually turn contingent workday ustechsolution labor private begin consult accord bi view coast hadoop soon working intelligent confidential firmware doe teamsoft pair domestic demonstrable tool temporary facilitate lift loan virtualized extremely button precision satisfy kernel campaign initiate reason position specify mechanical preferable structured threat audience svn typical book grade choice lan proposal endpoint definition wan grid apple versed organize sector english challenging pc persevere dashboard environmental traditional publishing retention correct weblogic deep talk audio human middle articulate ax hp distribution possibility specialist fluent fully middleware educate total sd academic image cognizant handling workshop guidewire gateway governance replication qlikview stability lab dedication scenario thinking gamut peer accommodation refer immediately wealth remove particular minimize measurement mortgage clarity patient main template engine unique negotiate graduate strongly legally microservice epic imaging hibernate problem admin possible cell confident hyperion liaise fi fulfillment netsuite microsoft measure prime history queue teammate recruit exciting messaging association branch sense recruiter half division driver statement triage install ground citrix
Design & Analysis of Algorithms (CS302),388,hadoop soon technical datum working intelligent support application team confidential firmware development doe teamsoft service project business design work handling ability customer workshop skill solution guidewire gateway governance year replication qlikview stability lab history queue teammate software recruit exciting technology messaging association branch sense experience recruiter half reimbursement educational efficiency network client embrace annually turn contingent workday ustechsolution labor tech text skillsexcellent elastic customization vertical choose cognos template tool engine test unique negotiate graduate strongly legally microservice epic imaging hibernate require deep talk audio security human middle articulate ax hp aggressive include management hedge circuit pega forensic marketplace final author woman parallel extra nbsp welcome problem admin possible cell confident process privately good scientific really payment develop nd pride defect bug roll invoice promotion payable webservice adherence vary conversion employerall hybrid latency course champion perl nationwide helpdesk knowledge manual spectrum mitigation heavy greeting escalation sheet encompass occasionally nation clarify company teradata grid apple versed organize sector english challenging pc virtualized extremely button precision satisfy kernel campaign initiate reason private begin consult web accord bi view coast cluster safe dollar pharmaceutical host international generous vision past care primarily holder consensus candidate magazine ethernet aid road explain reliability seasoned frontend loss build supervision identification clustering advancement progressive dedicated car force apex assess salesforce graphic position specify mechanical requirement preferable structured threat audience svn dedication scenario thinking gamut server peer accommodation refer immediately wealth remove yr combination story junior amazon microstrategy vb agree pair domestic demonstrable temporary facilitate lift loan lan proposal endpoint strong definition wan publisher sap user assist clinical visualforce transformation close property drupal distribution possibility specialist fluent fully middleware educate total sd academic image cognizant gaduration genesis diagnose retail audible discovery manufacture ms sufficient accounting limited negotiation ownership desirable leading reusable plm regular product ve micro supplier technologist dev sitecore expose workplace individual light professionalism sourcing healthy occasional unlimited fundamental flexibility advice hat detection pci hyperion liaise fi fulfillment netsuite microsoft measure prime stream hope construction container bright helpful migrate typical environment book grade choice dataset physics submission contracting diagnostic backup happy recovery hear citizenship fusion relational database job easy tableau urgent persevere dashboard environmental traditional publishing retention correct weblogic division driver statement triage install ground citrix prevention foreign proactive bank remediation making servicenow provision iso use technician excel integral remedy behavior
Database Systems (CS203),354,consultant work project network trading management retirement stem design requirement support skill intend year automotive citizen application development simulation stream hope experience security client technology team construction container bright helpful migrate knowledge private begin solution consult web business accord bi view coast dataset physics service submission contracting diagnostic backup happy recovery hear citizenship fusion mock test instance rotation op video landscape subversion push uber backbone remain lan ability proposal endpoint strong definition wan require software deep talk audio human middle articulate ax datum hp dedication scenario thinking gamut server peer accommodation refer immediately wealth remove cluster safe dollar pharmaceutical host international generous vision past distribution possibility specialist fluent fully middleware educate total sd academic image cognizant pair domestic demonstrable tool temporary facilitate lift loan typical develop environment book grade choice dedicated car force apex assess salesforce graphic division driver statement triage install ground citrix ticket include confluence escalate use technically atleast accessibility internally handling customer workshop guidewire gateway governance replication qlikview stability lab virtualized extremely button precision satisfy kernel campaign technical initiate reason position specify mechanical preferable structured threat audience svn template engine unique negotiate graduate strongly legally microservice epic imaging hibernate nd pride defect bug roll publisher sap user assist clinical visualforce transformation close property drupal hadoop soon working intelligent confidential firmware doe teamsoft problem admin possible cell confident prevention foreign proactive bank remediation making servicenow provision iso hyperion liaise fi fulfillment netsuite microsoft measure prime tech text skillsexcellent elastic customization vertical choose cognos relational database job easy tableau urgent reimbursement educational efficiency embrace annually turn contingent workday ustechsolution labor particular minimize measurement mortgage clarity patient main yr combination story junior amazon microstrategy vb agree history queue teammate recruit exciting messaging association branch sense recruiter half frontend loss build supervision identification clustering advancement progressive root backlog hyper appropriately sharp persevere candidate dashboard environmental traditional publishing retention correct weblogic grid apple versed organize sector english challenging pc sufficient accounting limited negotiation ownership desirable leading reusable final author woman parallel extra nbsp welcome unlimited fundamental flexibility advice hat detection pci gaduration genesis diagnose retail audible discovery manufacture ms course champion perl nationwide helpdesk manual spectrum mitigation heavy greeting invoice promotion payable webservice adherence vary conversion employerall hybrid latency escalation sheet encompass occasionally nation clarify company teradata publication week moderate mean floor rational partnership expose workplace individual light professionalism sourcing healthy occasional care primarily holder process consensus magazine ethernet aid road explain reliability seasoned aggressive hedge circuit pega forensic marketplace privately good scientific really payment
Project Management,312,sufficient accounting limited datum design negotiation project ownership desirable team leading business requirement year development software reusable work application support invoice promotion payable webservice adherence technical service vary conversion employerall skill hybrid latency solution stream hope experience security client technology construction container management bright helpful migrate typical develop environment book grade choice dedicated car force test apex assess salesforce graphic history queue teammate teamsoft recruit exciting messaging association branch sense recruiter half web hyperion liaise fi fulfillment netsuite microsoft measure prime escalation sheet encompass occasionally nation clarify company teradata dedication scenario thinking gamut server peer accommodation refer immediately wealth remove yr combination story junior amazon microstrategy vb agree publication week ability moderate mean floor rational partnership template tool engine unique negotiate graduate strongly legally microservice epic imaging hibernate dataset physics submission contracting diagnostic backup happy recovery hear citizenship fusion reimbursement educational efficiency network embrace annually turn contingent workday ustechsolution labor lan proposal endpoint strong definition wan final author woman parallel extra nbsp welcome unlimited fundamental flexibility advice hat detection pci mock instance rotation op video landscape subversion push uber backbone remain distribution possibility specialist fluent fully middleware educate total sd academic image cognizant frontend loss build supervision identification clustering advancement progressive persevere candidate dashboard environmental traditional publishing retention correct weblogic grid apple customer versed organize sector english challenging pc hadoop soon working intelligent confidential firmware doe relational database job easy tableau urgent nd pride defect bug roll prevention foreign proactive bank remediation making servicenow provision iso handling workshop guidewire gateway governance replication qlikview stability lab gaduration genesis diagnose retail audible require discovery manufacture ms division driver statement triage install ground citrix position specify mechanical preferable structured threat audience svn tech text skillsexcellent elastic customization vertical choose cognos publisher sap user assist clinical visualforce transformation close property drupal
Advanced Topics in Software Testing (CS614),275,management technology web hyperion liaise service client fi fulfillment datum skill application netsuite microsoft project measure team business prime year frontend loss build supervision identification clustering advancement work technical progressive design virtualized network knowledge extremely button precision satisfy kernel campaign initiate development support reason particular require minimize customer measurement mortgage clarity patient main yr combination story junior amazon microstrategy test vb agree reimbursement educational efficiency embrace annually turn contingent workday ustechsolution experience labor develop escalation sheet encompass occasionally nation clarify company teradata strong relational database environment job server easy tableau urgent publisher sap user assist clinical visualforce transformation close property drupal stream hope security requirement construction container bright helpful migrate dedication scenario thinking gamut peer accommodation refer immediately wealth remove dataset physics submission contracting diagnostic solution backup happy recovery hear citizenship fusion cluster safe dollar pharmaceutical host international generous vision past private begin consult accord bi view coast publication week ability moderate mean floor rational partnership handling workshop guidewire gateway governance replication qlikview stability lab persevere candidate dashboard environmental traditional publishing retention correct weblogic invoice promotion payable webservice adherence vary conversion employerall hybrid latency gaduration genesis diagnose retail audible discovery manufacture ms problem admin possible include cell confident consultant trading retirement stem intend automotive citizen simulation lan proposal endpoint definition wan distribution possibility specialist fluent fully middleware educate total sd academic image cognizant course champion perl nationwide helpdesk manual spectrum software mitigation heavy greeting hadoop soon working intelligent confidential firmware doe teamsoft division driver statement triage install ground citrix position specify mechanical preferable structured threat audience svn history queue teammate recruit exciting messaging association branch sense recruiter half template tool engine unique negotiate graduate strongly legally microservice epic imaging hibernate final author woman parallel extra nbsp welcome ticket confluence escalate use technically atleast accessibility internally care primarily holder process consensus magazine ethernet aid road explain reliability seasoned root backlog hyper appropriately sharp mock instance rotation op video landscape subversion push uber backbone remain pair domestic demonstrable temporary facilitate lift loan tech text skillsexcellent elastic customization vertical choose cognos privately good scientific really payment
Network Management,180,stream hope experience security client development requirement technology team construction container year management project bright work helpful skill migrate reimbursement educational efficiency business network embrace support annually turn contingent workday ustechsolution labor mock web test instance rotation op video landscape subversion push uber design backbone remain develop nd solution pride software application defect bug datum roll unlimited fundamental flexibility advice hat detection pci division driver statement triage service install ground citrix hadoop soon technical working intelligent confidential firmware doe teamsoft prevention foreign proactive bank remediation making servicenow provision iso lan ability proposal endpoint strong definition wan history queue teammate recruit exciting messaging association branch sense recruiter half typical environment book grade choice yr combination story junior amazon microstrategy vb agree dedication scenario thinking gamut server peer accommodation refer immediately wealth remove aggressive include hedge circuit pega forensic marketplace ticket require confluence escalate use technically atleast accessibility internally particular knowledge minimize customer measurement mortgage clarity patient main tech text skillsexcellent elastic customization vertical choose cognos dedicated car force apex assess salesforce graphic deep talk audio human middle articulate ax hp hyperion liaise fi fulfillment netsuite microsoft measure prime distribution possibility specialist fluent fully middleware educate total sd academic image cognizant frontend loss build supervision identification clustering advancement progressive invoice promotion payable webservice adherence vary conversion employerall hybrid latency grid apple versed organize sector english challenging pc dataset physics submission contracting diagnostic backup happy recovery hear citizenship fusion handling workshop guidewire gateway governance replication qlikview stability lab persevere candidate dashboard environmental traditional publishing retention correct weblogic sufficient accounting limited negotiation ownership desirable leading reusable escalation sheet encompass occasionally nation clarify company teradata gaduration genesis diagnose retail audible discovery manufacture ms final author woman parallel extra nbsp welcome template tool engine unique negotiate graduate strongly legally microservice epic imaging hibernate plm regular product ve micro supplier technologist dev sitecore publication week moderate mean floor rational partnership pair domestic demonstrable temporary facilitate lift loan
Numerical Computing,151,management technology web hyperion liaise service client fi fulfillment datum skill application netsuite microsoft project measure team business prime strong relational database environment job technical server easy work tableau support urgent development template tool engine test unique negotiate design graduate strongly legally microservice epic imaging hibernate experience dataset physics submission contracting diagnostic solution backup happy recovery hear citizenship fusion invoice promotion payable webservice adherence vary conversion employerall hybrid latency lan year ability proposal endpoint definition wan stream hope security requirement construction container bright helpful migrate publication week moderate mean floor rational partnership hadoop soon working intelligent confidential firmware doe teamsoft gaduration genesis diagnose retail audible require discovery manufacture ms distribution possibility specialist fluent fully middleware educate total sd academic image cognizant handling customer workshop guidewire gateway governance replication qlikview stability lab particular knowledge minimize measurement mortgage clarity patient main persevere candidate dashboard environmental traditional publishing retention correct weblogic develop escalation sheet encompass occasionally nation clarify company teradata frontend loss build supervision identification clustering advancement progressive dedication scenario thinking gamut peer accommodation refer immediately wealth remove mock instance rotation op video landscape subversion push uber backbone remain private begin consult accord bi view coast history queue teammate software recruit exciting messaging association branch sense recruiter half yr combination story junior amazon microstrategy vb agree virtualized network extremely button precision satisfy kernel campaign initiate reason reimbursement educational efficiency embrace annually turn contingent workday ustechsolution labor problem admin possible include cell confident publisher sap user assist clinical visualforce transformation close property drupal final author woman parallel extra nbsp welcome plm regular product ve micro supplier technologist dev sitecore ticket confluence escalate use technically atleast accessibility internally care primarily holder process consensus magazine ethernet aid road explain reliability seasoned
Real-time Systems (CS509),149,course champion perl nationwide develop team helpdesk knowledge business manual spectrum project software application skill experience mitigation heavy greeting particular technical require minimize management customer measurement design year mortgage clarity development patient work main frontend loss build client technology supervision identification clustering advancement progressive stream hope security requirement construction container bright helpful migrate care primarily service holder process consensus candidate magazine ethernet aid road explain reliability seasoned tech solution text skillsexcellent elastic customization vertical choose cognos final ability author woman parallel extra support nbsp welcome dataset physics submission contracting diagnostic backup happy recovery hear citizenship fusion pair domestic demonstrable tool temporary facilitate lift loan datum sufficient accounting limited negotiation ownership desirable leading reusable escalation sheet encompass occasionally nation clarify company teradata yr combination story junior amazon microstrategy test vb agree persevere dashboard environmental traditional publishing retention correct weblogic gaduration genesis diagnose retail audible discovery manufacture ms history queue teammate teamsoft recruit exciting messaging association branch sense recruiter half handling workshop guidewire gateway governance replication qlikview stability lab dedicated car force apex assess salesforce graphic nd pride defect bug roll distribution possibility specialist fluent fully middleware educate total sd academic image cognizant mock web instance rotation op video landscape subversion push uber backbone remain publication week moderate mean floor rational partnership lan proposal endpoint strong definition wan prevention foreign proactive bank remediation making servicenow provision iso cluster network safe dollar pharmaceutical host international generous vision past hadoop soon working intelligent confidential firmware doe private begin consult accord bi view coast dedication scenario thinking gamut server peer accommodation refer immediately wealth remove unlimited fundamental flexibility advice hat detection pci hyperion liaise fi fulfillment netsuite microsoft measure prime template engine unique negotiate graduate strongly legally microservice epic imaging hibernate invoice promotion payable webservice adherence vary conversion employerall hybrid latency virtualized extremely button precision satisfy kernel campaign initiate reason grid apple versed organize sector english challenging pc plm regular product ve micro supplier technologist dev sitecore relational database environment job easy tableau urgent aggressive include hedge circuit pega forensic marketplace division driver statement triage install ground citrix root backlog hyper appropriately use sharp typical book grade choice reimbursement educational efficiency embrace annually turn contingent workday ustechsolution labor deep talk audio human middle articulate ax hp
Evolutionary Computations (CS566),144,knowledge private begin solution security consult web year support project business accord application bi team skill view coast development position datum client specify technical mechanical requirement work management preferable structured threat audience svn experience publication week ability moderate mean floor rational partnership design yr combination service story junior amazon microstrategy test vb agree dedication scenario thinking gamut server peer accommodation refer immediately wealth remove dataset physics submission contracting diagnostic backup happy recovery hear technology citizenship fusion mock instance rotation op video landscape subversion push uber backbone remain stream hope construction container bright helpful migrate reimbursement educational efficiency network embrace annually turn contingent workday ustechsolution labor ticket require include confluence escalate use technically atleast accessibility internally hyperion liaise fi fulfillment netsuite microsoft measure prime develop escalation sheet encompass occasionally nation clarify company teradata invoice promotion payable webservice adherence vary conversion employerall hybrid latency pair domestic demonstrable tool software temporary facilitate lift loan unlimited fundamental flexibility advice hat detection pci distribution possibility specialist fluent fully middleware educate total sd academic image cognizant course champion perl nationwide helpdesk manual spectrum mitigation heavy greeting history queue teammate teamsoft recruit exciting messaging association branch sense recruiter half care primarily holder process consensus candidate magazine ethernet aid road explain reliability seasoned virtualized extremely button precision satisfy kernel campaign initiate reason publisher sap user assist clinical visualforce transformation close property drupal gaduration genesis diagnose retail audible discovery manufacture ms root backlog hyper appropriately sharp strong relational database environment job easy tableau urgent template engine unique negotiate graduate strongly legally microservice epic imaging hibernate problem admin possible cell confident lan proposal endpoint definition wan nd pride defect bug roll hadoop soon working intelligent confidential firmware doe particular minimize customer measurement mortgage clarity patient main cluster safe dollar pharmaceutical host international generous vision past dedicated car force apex assess salesforce graphic final author woman parallel extra nbsp welcome persevere dashboard environmental traditional publishing retention correct weblogic frontend loss build supervision identification clustering advancement progressive
Advanced Data Structures (CS556),135,yr application datum combination client service story junior support skill work project amazon development microstrategy test vb design agree publication business week technical ability moderate mean floor rational management partnership team cluster solution network knowledge safe dollar pharmaceutical host international security generous vision past process privately good scientific technology include really payment course champion perl nationwide develop helpdesk manual spectrum software experience mitigation heavy greeting use technician excel integral remedy behavior final author woman parallel extra nbsp welcome year template tool engine unique negotiate graduate strongly legally microservice epic imaging hibernate root backlog hyper appropriately sharp lan proposal endpoint strong definition wan ticket require confluence escalate technically atleast accessibility internally private begin consult web accord bi view coast problem admin possible cell confident handling customer workshop guidewire gateway governance replication qlikview stability lab position specify mechanical requirement preferable structured threat audience svn care primarily holder consensus candidate magazine ethernet aid road explain reliability seasoned gaduration genesis diagnose retail audible discovery manufacture ms relational database environment job server easy tableau urgent dataset physics submission contracting diagnostic backup happy recovery hear citizenship fusion mock instance rotation op video landscape subversion push uber backbone remain escalation sheet encompass occasionally nation clarify company teradata hyperion liaise fi fulfillment netsuite microsoft measure prime virtualized extremely button precision satisfy kernel campaign initiate reason division driver statement triage install ground citrix hadoop soon working intelligent confidential firmware doe teamsoft consultant trading retirement stem intend automotive citizen simulation invoice promotion payable webservice adherence vary conversion employerall hybrid latency publisher sap user assist clinical visualforce transformation close property drupal history queue teammate recruit exciting messaging association branch sense recruiter half particular minimize measurement mortgage clarity patient main distribution possibility specialist fluent fully middleware educate total sd academic image cognizant dedication scenario thinking gamut peer accommodation refer immediately wealth remove reimbursement educational efficiency embrace annually turn contingent workday ustechsolution labor stream hope construction container bright helpful migrate pair domestic demonstrable temporary facilitate lift loan tech text skillsexcellent elastic customization vertical choose cognos unlimited fundamental flexibility advice hat detection pci persevere dashboard environmental traditional publishing retention correct weblogic aggressive hedge circuit pega forensic marketplace testing transition institution lieu retain sfdc deep talk audio human middle articulate ax hp typical book grade choice plm regular product ve micro supplier technologist dev sitecore dedicated car force apex assess salesforce graphic frontend loss build supervision identification clustering advancement progressive prevention foreign proactive bank remediation making servicenow provision iso expose workplace individual light professionalism sourcing healthy occasional grid apple versed organize sector english challenging pc sufficient accounting limited negotiation ownership desirable leading reusable nd pride defect bug roll
Formal Methods (CS538),132,management technology web hyperion liaise service client fi fulfillment datum skill application netsuite microsoft project measure team business prime technical template tool engine test unique negotiate design graduate strongly legally work microservice epic imaging hibernate experience knowledge private begin solution security consult year support accord bi view coast development problem admin possible include cell confident yr combination story junior amazon microstrategy vb agree gaduration genesis diagnose retail audible require discovery manufacture ms publication week ability moderate mean floor rational partnership publisher sap develop user assist clinical visualforce transformation close property drupal hadoop soon working intelligent confidential firmware doe teamsoft frontend loss build supervision identification clustering advancement progressive escalation sheet encompass occasionally nation clarify company teradata persevere candidate dashboard environmental traditional publishing retention correct weblogic position specify mechanical requirement preferable structured threat audience svn lan proposal endpoint strong definition wan particular minimize customer measurement mortgage clarity patient main stream hope construction container bright helpful migrate process privately good scientific really payment distribution possibility specialist fluent fully middleware educate total sd academic image cognizant handling workshop guidewire gateway governance replication qlikview stability lab relational database environment job server easy tableau urgent dataset physics submission contracting diagnostic backup happy recovery hear citizenship fusion mock instance rotation op video landscape subversion push uber backbone remain dedication scenario thinking gamut peer accommodation refer immediately wealth remove invoice promotion payable webservice adherence vary conversion employerall hybrid latency reimbursement educational efficiency network embrace annually turn contingent workday ustechsolution labor virtualized extremely button precision satisfy kernel campaign initiate reason expose workplace individual light professionalism sourcing healthy occasional software history queue teammate recruit exciting messaging association branch sense recruiter half
